Name,Address,Phone,URL
Big Sky Handyman,"Address: 1862 Hill St, Kaysville, UT 84037 ",Phone: (385) 439-5759 ,https://www.google.com/maps/place/Big+Sky+Handyman/data=!4m7!3m6!1s0x8753037224824caf:0xb2de0a1eaf7d784a!8m2!3d41.0398532!4d-111.9738546!16s%2Fg%2F11q2tr7dkg!19sChIJr0yCJHIDU4cRSnh9rx4K3rI?authuser=0&hl=en&rclk=1
"HoneyDo Services | FLOOD, MOLD, EMERGENCY, REMODEL, RESTORE","Address: 860 W Riverdale Rd STE B7, Riverdale, UT 84405 ",Phone: (385) 432-4538 ,"https://www.google.com/maps/place/HoneyDo+Services+%7C+FLOOD,+MOLD,+EMERGENCY,+REMODEL,+RESTORE/data=!4m7!3m6!1s0x8afdbd0326719483:0x8c567a36f9b4264d!8m2!3d41.1805085!4d-111.9996666!16s%2Fg%2F11v0y_mw05!19sChIJg5RxJgO9_YoRTSa0-TZ6Vow?authuser=0&hl=en&rclk=1"
Handyman Direct LLC,"Address: 2880 S 200 E #1, South Salt Lake, UT 84115 ",Phone: (801) 759-3773 ,https://www.google.com/maps/place/Handyman+Direct+LLC/data=!4m7!3m6!1s0x87528b1dd7697059:0x73017699c1c9edff!8m2!3d40.7083496!4d-111.8859036!16s%2Fg%2F11vyywq4h1!19sChIJWXBp1x2LUocR_-3JwZl2AXM?authuser=0&hl=en&rclk=1
Pro Handyman Salt Lake City,"Address: 1118 E Garfield Ave, Salt Lake City, UT 84105 ",Phone: (801) 910-9580 ,https://www.google.com/maps/place/Pro+Handyman+Salt+Lake+City/data=!4m7!3m6!1s0x87528aaa75064651:0xf2fbbdf1a69eac2d!8m2!3d40.7300763!4d-111.8589633!16s%2Fg%2F1tld0nkx!19sChIJUUYGdaqKUocRLayepvG9-_I?authuser=0&hl=en&rclk=1
Zane's Handyman Services,"Address: 774 N Quincy Ave, Ogden, UT 84404 ",Phone: (385) 423-5352 ,https://www.google.com/maps/place/Zane%27s+Handyman+Services/data=!4m7!3m6!1s0x87530db3573da527:0x545fe4e45957d72a!8m2!3d41.2716992!4d-111.9550361!16s%2Fg%2F11w96d2dy5!19sChIJJ6U9V7MNU4cRKtdXWeTkX1Q?authuser=0&hl=en&rclk=1
Grays Handyman & Install LLC,"Address: 2449 N 840 W, Lehi, UT 84043 ",Phone: (801) 687-5189 ,https://www.google.com/maps/place/Grays+Handyman+%26+Install+LLC/data=!4m7!3m6!1s0x874d7ff0aaee5b1b:0x6834ae20eef15cfb!8m2!3d40.4194103!4d-111.8629209!16s%2Fg%2F11g6_1ffkp!19sChIJG1vuqvB_TYcR-1zx7iCuNGg?authuser=0&hl=en&rclk=1
Shane's Handyman Service,"Address: 425 E 1200 N, Orem, UT 84097 ",Phone: (801) 885-4891 ,https://www.google.com/maps/place/Shane%27s+Handyman+Service/data=!4m7!3m6!1s0x874d853925e0ae7f:0x89b7d3eb9c65af6e!8m2!3d40.3195672!4d-111.6856775!16s%2Fg%2F11hsbckw71!19sChIJf67gJTmFTYcRbq9lnOvTt4k?authuser=0&hl=en&rclk=1
Double A Home Improvements,"Address: 2169 S 50 W, Clearfield, UT 84015 ",Phone: (801) 645-5937 ,https://www.google.com/maps/place/Double+A+Home+Improvements/data=!4m7!3m6!1s0x8753035cd01de713:0x5f1fdef48e43874a!8m2!3d41.0827514!4d-112.0274906!16s%2Fg%2F11cn3lhj_5!19sChIJE-cd0FwDU4cRSodDjvTeH18?authuser=0&hl=en&rclk=1
Xpress handyman services llc.,"Address: 450 N 500 E, Brigham City, UT 84302 ",Phone: (435) 230-5124 ,https://www.google.com/maps/place/Xpress+handyman+services+llc./data=!4m7!3m6!1s0x87537b1e9e00d5f9:0x7cad1b8c1b37feb7!8m2!3d41.5197236!4d-112.0073258!16s%2Fg%2F11jp6p03kh!19sChIJ-dUAnh57U4cRt_43G4wbrXw?authuser=0&hl=en&rclk=1
Woolf Interiors,"Address: 536 S 300 E, Brigham City, UT 84302 ",,https://www.google.com/maps/place/Woolf+Interiors/data=!4m7!3m6!1s0x87530d21ca124553:0x67793c0952074fff!8m2!3d41.4997061!4d-112.011634!16s%2Fg%2F11r7xwzsrb!19sChIJU0USyiENU4cR_08HUgk8eWc?authuser=0&hl=en&rclk=1
